칸,1.4이름,원작,대체칸,대체이름,계획종,메모
19,러브리몬,꼬렛,161,코로몬,뿔몬,"꼬렛 줄 첫 단계, 초반 흔한 야생"
20,시사몬,레트라,105,우가몬,,"꼬렛 진화형, 흔한 성숙기"
13,도쿠네몬,뿔충이,10,쿠네몬,,벌레 첫 단계
23,백사몬,아보,69,추추몬,,경품(금빛). 추추몬은 02 파트너
24,산티라몬,아보크,70,스팅몬,,
26,프린콩알몬,라이츄,25,콩알몬,,
29,돌몬돌,니드런♀,1,팔몬,,니드런♀ 줄 → 팔몬 줄
30,돌가몬,니드리나,2,니드몬,,
31,돌고라몬,니드퀸,3,릴리몬,,
32,돌몬알,니드런♂,43,텐타몬,,니드런♂ 줄 → 텐타몬 줄
33,라프드라몬,니드리노,44,캅테리몬,,
34,알파몬,니드킹,45,아트캅테몬,,
37,쿠다몬,식스테일,4,아구몬,,불꽃
38,슬레이프몬,나인테일,5,그레이몬,,
46,파라스,파라스,1,팔몬,시드몬,풀
47,파라섹트,파라섹트,2,니드몬,티라노몬,계획: 아구몬 유대 낮음 갈래
48,콘팡,콘팡,69,추추몬,,벌레
49,도나리,도나리,70,스팅몬,,
50,디그다,디그다,74,울퉁몬,,땅
51,닥트리오,닥트리오,27,두리몬,,
53,레파몬,페르시온,35,가트몬,,고양이
54,고라파덕,고라파덕,186,개굴몬,,물
55,골덕,골덕,131,돌핀몬,,
58,캔들몬,가디,126,메라몬,,불꽃
59,듀나스몬,윈디,5,그레이몬,,
63,로프몬,캐이시,52,위자몬,위자몬,경품(금빛)
64,안티라몬,윤겔라,52,위자몬,,
65,켈비몬,후딘,39,홀리엔젤몬,,
66,모노드라몬,알통몬,60,에렉몬,,격투 첫 단계
67,사이버드몬,근육몬,61,레오몬,,
68,저스티몬,괴력몬,62,샤벨레오몬,,
71,주엘비몬,우츠보트,3,릴리몬,,풀
72,왕눈해,왕눈해,129,베타몬,,바다 흔한 종
73,독파리,독파리,130,메가시라몬,,
75,아이스몬,데구리,27,두리몬,,바위·땅
76,운석몬,딱구리,112,맘몬,,
77,포니타,포니타,126,메라몬,,불꽃
78,날쌩마,날쌩마,17,버드라몬,,불꽃 새
79,야돈,야돈,186,개굴몬,,물
80,야도란,야도란,117,원뿔몬,,
81,코일,코일,172,번개콩알몬,,전기
82,레어코일,레어코일,25,콩알몬,,
83,파오리,파오리,21,호크몬,,새
84,두두,두두,16,피요몬,키위몬,새
85,두트리오,두트리오,17,버드라몬,,
86,쥬쥬,쥬쥬,60,에렉몬,,
87,쥬레곤,쥬레곤,61,레오몬,,
88,질퍽이,질퍽이,14,스나이몬,워매몬,독
89,질뻐기,질뻐기,15,아라크네몬,,
90,셀러,셀러,116,쉬라몬,쉘몬,낚시·바닷가
91,파르셀,파르셀,117,원뿔몬,,
92,임프몬,고오스,41,피코데블몬,고스몬,유령
94,베르제브몬,팬텀,93,데블몬,,
95,롱스톤,롱스톤,111,에이프몬,모노크로몬,바위
96,슬리프,슬리프,52,위자몬,,에스퍼
97,슬리퍼,슬리퍼,52,위자몬,,
98,크랩,크랩,116,쉬라몬,,물
99,킹크랩,킹크랩,117,원뿔몬,,
100,찌리리공,찌리리공,60,에렉몬,,전기
101,붐볼,붐볼,172,번개콩알몬,,
103,데블타몬,나시,102,디지타마몬,,
104,고부리몬,탕구리,74,울퉁몬,,땅
106,시라소몬,시라소몬,61,레오몬,,격투
107,홍수몬,홍수몬,61,레오몬,,
108,내루미,내루미,186,개굴몬,,
109,또가스,또가스,41,피코데블몬,,암흑단 조직원 몫
110,또도가스,또도가스,93,데블몬,,
113,럭키,럭키,174,엔젤몬,,회복 → 천사
114,덩구리,덩구리,2,니드몬,베지몬,풀
115,캥카,캥카,61,레오몬,,
118,콘치,콘치,129,베타몬,둥실몬,낚시
119,왕콘치,왕콘치,117,원뿔몬,시드라몬,낚시
120,별가사리,별가사리,186,개굴몬,,물
121,아쿠스타,아쿠스타,131,돌핀몬,,
122,마임맨,마임맨,35,가트몬,,경품(무지개): 가트몬
123,스라크,스라크,14,스나이몬,,벌레
124,루주라,루주라,52,위자몬,,
125,에레브,에레브,172,번개콩알몬,,전기
127,쁘사이저,쁘사이저,11,플라이몬,,벌레
128,켄타로스,켄타로스,61,레오몬,켄터스몬,
132,메타몽,메타몽,161,코로몬,,
137,폴리곤,폴리곤,140,안드로몬,,경품(무지개): 안드로몬
139,암스타,암스타,111,에이프몬,스컬그레이몬,
141,하이안드몬,투구푸스,140,안드로몬,,
142,프테라,프테라,18,가루다몬,,화석 새
143,잠만보,잠만보,111,에이프몬,퍼펫몬,관동 길막
147,가터아구몬,미뇽,116,쉬라몬,,경품(금빛)·용의 굴 낚시 → 쉬라몬 줄
148,지오그레몬,신뇽,117,원뿔몬,,
149,샤인그레몬,망나뇽,230,쥬드몬,,
162,다꼬리,다꼬리,105,우가몬,,
163,팔코몬,부우부,16,피요몬,토코몬,밤 새
164,레이브몬,야부엉,17,버드라몬,,
165,레디바,레디바,43,텐타몬,,벌레
166,레디안,레디안,44,캅테리몬,,
169,크로뱃,크로뱃,42,피에몬,묘티스몬,
170,초라기,초라기,129,베타몬,,바다
171,랜턴,랜턴,130,메가시라몬,,
177,브이드라몬,네이티,21,호크몬,,알프의 유적 새 → 호크몬 줄
178,에어로브몬,네이티오,22,실피드몬,,
179,메리프,메리프,60,에렉몬,모티몬,전기 양
180,보송송,보송송,172,번개콩알몬,,
181,전룡,전룡,25,콩알몬,,
182,로제몬,아르코,3,릴리몬,,
183,마릴,마릴,116,쉬라몬,,물
185,도그몬,꼬지모,11,플라이몬,쿠가몬,36번 도로 길막
187,통통코,통통코,1,팔몬,어니몬,풀
188,두코,두코,2,니드몬,,
189,솜솜코,솜솜코,3,릴리몬,,
190,에이팜,에이팜,60,에렉몬,,원숭이
191,라라몬,해너츠,1,팔몬,,풀
193,왕자리,왕자리,11,플라이몬,,잠자리
196,알포스브몬,에브이,35,가트몬,,
198,니로우,니로우,41,피코데블몬,,어둠
199,야도킹,야도킹,230,쥬드몬,,
200,무우마,무우마,41,피코데블몬,,유령
202,마자용,마자용,52,위자몬,,
203,키링키,키링키,35,가트몬,,
204,피콘,피콘,10,쿠네몬,,박치기 나무 벌레
205,쏘콘,쏘콘,14,스나이몬,,
206,노고치,노고치,74,울퉁몬,가지몬,어둠의 동굴
207,글라이거,글라이거,93,데블몬,,
208,강철톤,강철톤,112,맘몬,,
209,블루,블루,7,파피몬,,개 (야생에서는 울퉁몬)
210,그랑블루,그랑블루,8,가루몬,,
211,침바루,침바루,186,개굴몬,,물
213,단단지,단단지,102,디지타마몬,,진청시티 선물: 껍질 → 디지타마몬
214,헤라크로스,헤라크로스,43,텐타몬,,박치기 나무 벌레
215,포푸니,포푸니,41,피코데블몬,,어둠
216,깜지곰,깜지곰,105,우가몬,,
218,마그마그,마그마그,126,메라몬,,불꽃
219,마그카르고,마그카르고,126,메라몬,,
220,꾸꾸리,꾸꾸리,7,파피몬,,얼음 (야생에서는 울퉁몬)
221,메꾸리,메꾸리,8,가루몬,,
222,코산호,코산호,116,쉬라몬,,물
223,총어,총어,129,베타몬,,물
224,대포무노,대포무노,130,메가시라몬,,
225,펙몬,딜리버드,17,버드라몬,,새
228,델빌,델빌,41,피코데블몬,,어둠
229,헬가,헬가,93,데블몬,레이디데블몬,
231,코코리,코코리,74,울퉁몬,,땅
232,코리갑,코리갑,111,에이프몬,,
234,노라키,노라키,61,레오몬,,
235,루브도,루브도,52,위자몬,,
236,배루키,배루키,60,에렉몬,,탁마산 선물
237,카포에라,카포에라,61,레오몬,,
241,밀탱크,밀탱크,105,우가몬,,
243,라이코,라이코,135,번개드라몬,,떠돌이 아머체 셋 (확정)
244,앤테이,앤테이,136,화염드라몬,,떠돌이 아머체 셋 (확정)
245,스이쿤,스이쿤,134,매그너몬,,떠돌이 아머체 셋 (확정)
246,가오몬,애버라스,74,울퉁몬,,은빛산
249,루기아,루기아,131,돌핀몬,고래몬,소용돌이 섬 전설
250,듀크림존,칠색조,40,마그나드몬,청룡몬,방울탑 전설
