종,단계,칸,쓰임,그림,설치,영어,구역,롬이름,메모
깜몬,유아기Ⅰ,238,파트너,★,Y,Botamon,A,깜몬,
코로몬,유년기Ⅱ,161,파트너,✔,Y,Koromon,A,코로몬,
아구몬,성장기,4,파트너,✔,Y,Agumon,A,아구몬,
그레이몬,성숙기,5,파트너,✔,Y,Greymon,A,그레이몬,
메탈그레이몬,완전체,212,파트너,✔,Y,Metal Greymon,A,메탈그레몬,
워그레이몬,궁극체,6,파트너,✔,Y,War Greymon,A,워그레이몬,
푸니몬,유아기Ⅰ,239,파트너,★,Y,Punimon,A,푸니몬,
뿔몬,유년기Ⅱ,19,파트너,✔,Y,Tunomon,A,뿔몬,
파피몬,성장기,7,파트너,✔,Y,Gabumon,A,파피몬,
가루몬,성숙기,8,파트너,✔,Y,Garurumon,A,가루몬,
워가루몬,완전체,217,파트너,✔,Y,Were Garurumon,A,워가루몬,
메탈가루몬,궁극체,9,파트너,✔,Y,Metal Garurumon,A,메탈가루몬,
뇨키몬,유아기Ⅰ,241,파트너,★,N,Nyokimon,A,,
어니몬,유년기Ⅱ,187,파트너,✔,Y,Pyocomon,A,어니몬,
피요몬,성장기,16,파트너,✔,Y,Piyomon,A,피요몬,
버드라몬,성숙기,17,파트너,✔,Y,Birdramon,A,버드라몬,
가루다몬,완전체,18,파트너,✔,Y,Garudamon,A,가루다몬,
파브몬,유아기Ⅰ,233,파트너,★,N,Bubbmon,A,,
모티몬,유년기Ⅱ,179,파트너,★,Y,Mochimon,A,모티몬,
텐타몬,성장기,43,파트너,✔,Y,Tentomon,A,텐타몬,
캅테리몬,성숙기,44,파트너,✔,Y,Kabuterimon,A,캅테리몬,
아트라캅테리몬,완전체,45,파트너,✔,Y,Atlur Kabuterimon (Red),A,아트캅테몬,
유라몬,유아기Ⅰ,234,파트너,★,N,Yuramon,A,,
시드몬,유년기Ⅱ,46,파트너,★,Y,Tanemon,A,시드몬,
팔몬,성장기,1,파트너,✔,Y,Palmon,A,팔몬,
니드몬,성숙기,2,파트너,✔,Y,Togemon,A,니드몬,
릴리몬,완전체,3,파트너,✔,Y,Lilimon,A,릴리몬,
피치몬,유아기Ⅰ,235,파트너,★,N,Pitchmon,A,,
둥실몬,유년기Ⅱ,118,파트너,★,Y,Pukamon,A,둥실몬,
쉬라몬,성장기,116,파트너,✔,Y,Gomamon,A,쉬라몬,
원뿔몬,성숙기,117,파트너,✔,Y,Ikkakumon,A,원뿔몬,
쥬드몬,완전체,230,파트너,✔,Y,Zudomon,A,쥬드몬,
포요몬,유아기Ⅰ,237,파트너,★,N,Poyomon,A,,
토코몬,유년기Ⅱ,163,파트너,✔,Y,Tokomon,A,토코몬,
파닥몬,성장기,175,파트너,✔,Y,Patamon,A,파닥몬,
엔젤몬,성숙기,174,파트너,✔,Y,Angemon,A,엔젤몬,
홀리엔젤몬,완전체,39,파트너,✔,Y,Holy Angemon,A,홀리엔젤몬,
세라피몬,궁극체,176,파트너,✔,Y,Seraphimon,A,세라피몬,
유키보타몬,유아기Ⅰ,222,파트너,★,N,Yukimi Botamon,A,,
야옹몬,유년기Ⅱ,240,파트너,★,Y,Nyaromon,A,야옹몬,
플롯트몬,성장기,173,파트너,✔,Y,Plotmon,A,플롯트몬,
가트몬,성숙기,35,파트너,✔,Y,Tailmon,A,가트몬,
엔젤우몬,완전체,242,파트너,★,Y,Angewomon,A,엔젤우몬,
마그나드몬,궁극체,40,파트너,✔,Y,Holydramon,A,마그나드몬,
오메가몬,궁극체,145,파트너(조그레스),✔,Y,Omegamon,A,오메가몬,
우가몬,성숙기,105,갈래(파피몬 유대 보통·낮음),✔,Y,Orgemon,B,우가몬,
위자몬,성숙기,52,갈래(플롯트몬 유대 보통·낮음),✔,Y,Wizarmon,B,위자몬,
데블몬,성숙기,93,갈래(파닥몬 유대 낮음)·피코데블몬 Lv20,2.0,Y,Devimon,B,데블몬,
티라노몬,성숙기,47,갈래(아구몬 유대 낮음),★,N,Tyranomon,B,,
베지몬,성숙기,114,갈래(팔몬 유대 낮음),★,N,Vegimon,B,,
쿠가몬,성숙기,185,갈래(텐타몬 유대 낮음)·36번 도로 길막,✔,Y,Kuwagamon,B,쿠가몬,
시드라몬,성숙기,119,갈래(쉬라몬 유대 낮음)·베타몬 Lv16,★,N,Seadramon,B,,
키위몬,성숙기,84,갈래(피요몬 유대 낮음),★,N,Kiwimon,B,,
스컬그레이몬,완전체,139,그레이몬 암흑,✔,Y,Skull Greymon,B,스컬그레몬,
다크그레몬,완전체,110,그레이몬+검은 톱니,색,Y,Metal Greymon (Virus),B,다크그레몬,
레이디데블몬,완전체,229,가트몬 암흑·사천왕 카렌,✔,Y,Lady Devimon,B,레이디데블,
블랙워그레이몬,궁극체,109,은빛산 고정 전투,색,Y,Black War Greymon,B,블랙워그몬,
쉘몬,성숙기,90,야생(바닷가·41번 수로),✔,Y,Shellmon,C,쉘몬,
유니몬,성숙기,77,야생(절구산·37번 도로)·고정(모다피의 탑 꼭대기 Lv12),★,N,Unimon,C,,
레오몬,성숙기,61,야생(42번 도로)·사도 파티·에렉몬 Lv25,✔,Y,Leomon,C,레오몬,
안드로몬,완전체,140,"고정(알프의 유적 지하 Lv30, 포획 30)",✔,Y,Andromon,C,안드로몬,
워매몬,성숙기,88,야생(야돈 우물·어둠의 동굴),✔,Y,Numemon,C,워매몬,
모노크로몬,성숙기,95,야생(돌산 터널·절구산)·모모 농장·울퉁몬 Lv25,★,N,Monochromon,C,,
메라몬,성숙기,126,야생(불탄 탑),✔,Y,Meramon,C,메라몬,
켄터스몬,성숙기,128,야생(34번 도로),✔,Y,Centalmon,C,켄터스몬,
모야몬,성숙기,221,야생(얼음샛길),★,N,Mojyamon,C,,
프리지몬,성숙기,220,야생(얼음샛길·45번 도로),★,N,Yukidarumon,C,,
고스몬,성숙기,92,암흑단·야생(불탄 탑·방울탑),✔,Y,Bakemon,C,고스몬,
퍼펫몬,완전체,143,관동 길막(잠만보) 보스,✔,N,Monzaemon,C,,
개굴몬,성숙기,186,야생(물)·야돈 우물 이벤트,✔,Y,Gekomon,C,개굴몬,
왕개굴몬,완전체,199,"고정(연분홍 등대 또는 야돈 우물 안쪽 Lv28, 포획 30)",★,N,Tonosama Gekomon,C,,
드리모게몬,성숙기,50,야생(돌산 터널·연결동굴),★,N,Drimogemon,C,,
에렉몬,성장기,60,야생(초반 도로)·탁마산 선물,✔,Y,Elecmon,C,에렉몬,
슈카몬,성숙기,89,야생(쓰레기·야돈 우물),★,N,Scumon,C,,
츄몬,성장기,162,야생(쓰레기·야돈 우물),★,N,Tyumon,C,,
울퉁몬,성장기,74,야생(동굴),✔,Y,Gottsumon,C,울퉁몬,
고래몬,완전체,249,소용돌이 섬 전설(루기아 자리),★,N,Whamon,D,,
에테몬,완전체,56,"보스(알프의 유적 피라미드 Lv28), 포획 0",✔,Y,Etemon,D,에테몬,
메탈에테몬,궁극체,57,보스(은빛산 중턱 Lv50),✔,Y,Metal Etemon,D,메탈에테몬,
가지몬,성장기,206,야생(어둠의 동굴)·에테몬 부하 트레이너,✔,Y,Gazimon,D,가지몬,
퍼그몬,유년기Ⅱ,,야생(초반)·알,✔,N,Pagumon,D,,
꼬끼몬,성숙기,83,야생(34번 도로·배)·고정(배 안 Lv22),★,N,Cockatrimon,D,,
피코데블몬,성장기,41,암흑단·야생,✔,Y,Pico Devimon,D,피코데블몬,
데이터몬,완전체,137,"보스(피라미드 안 Lv30, 에테몬 직전)",★,N,Nanomon,D,,
나니몬,성숙기,106,야생(34번 도로),★,N,Nanimon,D,,
베이더몬,완전체,96,고정(알프의 유적 방 Lv30),★,N,Vademon,D,,
디지타마몬,완전체,102,진청시티 선물·식당 NPC,✔,Y,Digitamamon,D,디지타마몬,
레드베지몬,성숙기,189,야생(희귀),색,N,Red Vegimon,D,,
묘티스몬,완전체,169,암흑단 아지트 최종(진청시티 Lv35),★,Y,Vamdemon,E,묘티스몬,
베놈묘티몬,궁극체,94,암흑단 라디오 타워 최종(Lv45),2.0,Y,Venom Vamdemon,E,베놈묘티몬,
팬텀몬,완전체,200,암흑단 간부,2.0,Y,Fantomon,E,팬텀몬,
데블드라몬,완전체,165,암흑단 간부,✔,Y,Devidramon,E,데블드라몬,
레어몬,성숙기,226,야생(야돈 우물),★,N,Raremon,E,,
게소몬,성숙기,72,야생(바다),★,N,Gesomon,E,,
도쿠구몬,성숙기,48,야생(너도밤나무 숲 Lv20+·동굴),★,N,Dokugumon,E,,
메가시드라몬,완전체,130,분노의 호수 붉은 이벤트·시드라몬 Lv35,✔,Y,Mega Seadramon,E,메가시라몬,
다크티라몬,성숙기,232,암흑단,색,N,Dark Tyranomon,E,,
스나이몬,성숙기,14,야생(벌레잡기 대회 Lv20+),✔,Y,Snimon,E,스나이몬,
펌프몬,성숙기,203,야생(자연 공원 밤),★,N,Pumpmon,E,,
다크리자몬,성숙기,58,암흑단,★,N,Flare Lizarmon,E,,
메카노리몬,성숙기,81,암흑단(기계)·야생(라디오 타워),★,N,Mechanorimon,E,,
플라이몬,성숙기,11,야생(32·33번 도로 Lv20+),✔,Y,Flymon,E,플라이몬,
메탈시드라몬,궁극체,184,사천왕 일목,✔,Y,Metal Seadramon,F,메탈시드몬,
다이버몬,완전체,73,사천왕 일목 파티·야생(41번 수로 깊은 곳 Lv40),★,N,Hangyomon,F,,
스콜피오몬,완전체,98,사천왕 일목 파티,★,N,Anomalocarimon,F,,
피노키몬,궁극체,170,사천왕 독수,✔,Y,Pinochimon,F,피노키몬,
쥬레이몬,완전체,191,사천왕 독수 파티·고정(너도밤나무 숲 깊은 곳 Lv35),2.0,Y,Jyureimon,F,쥬레이몬,
우드몬,성숙기,192,야생(너도밤나무 숲·자연 공원),2.0,Y,Woodmon,F,우드몬,
가베지몬,완전체,227,사천왕 독수 파티,★,N,Gerbemon,F,,
플로라몬,성장기,71,야생(자연 공원·35번 도로),★,N,Floramon,F,,
머슈룸몬,성장기,182,야생(숲),★,N,Mushmon,F,,
블로섬몬,완전체,113,사천왕 독수 파티,★,N,Blossomon,F,,
데라몬,성숙기,85,야생(43·44번 도로),★,N,Delumon,F,,
파워드라몬,궁극체,188,사천왕 시바,✔,Y,Mugendramon,F,파워드라몬,
메가드라몬,완전체,148,사천왕 시바 파티·고정(은빛산 Lv42),2.0,Y,Megadramon,F,메가드라몬,
기가드라몬,완전체,149,사천왕 시바 파티,★,N,Gigadramon,F,,
탱크몬,성숙기,82,암흑단(기계),★,N,Tankmon,F,,
톱니몬,성장기,100,야생(라디오 타워·아지트),2.0,Y,Hagurumon,F,톱니몬,
가드로몬,성숙기,101,야생(라디오 타워·아지트),2.0,Y,Guardromon,F,가드로몬,
다크퍼펫몬,완전체,216,"사천왕 시바 파티 (와루몬자에몬, 한국판 이름 확인되면 교체)",★,N,Waru Monzaemon,F,,
피에몬,궁극체,42,사천왕 카렌,✔,Y,Piemon,F,피에몬,
사벨레오몬,궁극체,62,레오몬 Lv50,✔,Y,Saber Leomon,F,샤벨레오몬,
아포카리몬,궁극체,171,챔피언,✔,Y,Apocalymon,F,아포카리몬,
파롯트몬,완전체,164,"고정(첫 극장판, 알프의 유적 입구 Lv30)",★,N,Parrotmon,G,,
쿠라몬,유아기Ⅰ,,디아블로몬의 역습 이벤트(2부),★,N,Kuramon,G,,
츠메몬,유년기Ⅱ,,디아블로몬의 역습 이벤트(2부),★,N,Tsumemon,G,,
케라몬,성장기,132,디아블로몬의 역습(2부)·1부 야생(라디오 타워 희귀),2.0,Y,Keramon,G,케라몬,
크리사리몬,성숙기,,디아블로몬의 역습 이벤트(2부),★,N,,G,,
인펠몬,완전체,167,챔피언 파티·2부 이벤트,✔,Y,Infermon,G,인펠몬,
디아블로몬,궁극체,168,챔피언 파티·2부 이벤트,✔,Y,Diablomon,G,디아블로몬,
아마게몬,궁극체,,2부 이벤트 보스(보류),★,N,Armagemon,G,,
황제팔라딘,궁극체,197,황제드라몬 + 오메가블레이드,✔,Y,Imperialdramon: Paladin Mode,G,황제팔라딘,
꼬마몬,유년기Ⅱ,166,2부(설치 보류),,Y,Chibimon,H,꼬마몬,
브이몬,성장기,133,2부(설치 보류),,Y,V-mon,H,브이몬,
엑스브이몬,성숙기,194,2부(설치 보류),,Y,XV-mon,H,엑스브이몬,
파일드라몬,완전체,,2부(설치 보류),,N,Paildramon,H,,
황제드라몬,궁극체,195,2부(설치 보류),,Y,Imperialdramon: Dragon Mode,H,황제드라몬,
황제파이터,궁극체,,2부(설치 보류),,N,Imperialdramon: Fighter Mode,H,,
포로몬,유년기Ⅱ,180,2부(설치 보류),,Y,Poromon,H,포로몬,
호크몬,성장기,21,2부(설치 보류),,Y,Hawkmon,H,호크몬,
아쿠이라몬,성숙기,,2부(설치 보류),,N,Aquilamon,H,,
실피드몬,완전체,22,2부(설치 보류),,Y,Silphymon,H,실피드몬,
우파몬,유년기Ⅱ,,2부(설치 보류),,N,Upamon,H,,
두리몬,성장기,27,2부(설치 보류),,Y,Armadimon,H,두리몬,
안킬로몬,성숙기,,2부(설치 보류),,N,Ankylomon,H,,
샤코몬,완전체,,2부(설치 보류),,N,Shakkoumon,H,,
리프몬,유년기Ⅱ,,2부(설치 보류),,N,Leafmon,H,,
추추몬,성장기,69,2부(설치 보류),,Y,Wormmon,H,추추몬,
스팅몬,성숙기,70,2부(설치 보류),,Y,Stingmon,H,스팅몬,
화염드라몬,아머체,136,2부(설치 보류),,Y,Fladramon,H,화염드라몬,
번개드라몬,아머체,135,2부(설치 보류),,Y,Lighdramon,H,번개드라몬,
매그너몬,아머체,134,2부(설치 보류),,Y,Magnamon,H,매그너몬,
할세몬,아머체,,2부(설치 보류),,N,Holsmon,H,,
슈림몬,아머체,,2부(설치 보류),,N,Shurimon,H,,
디그몬,아머체,28,2부(설치 보류),,Y,Digmon,H,디그몬,
서브마리몬,아머체,,2부(설치 보류),,N,Submarimon,H,,
페가수몬,아머체,,2부(설치 보류),,N,Pegasmon,H,,
네페르티몬,아머체,,2부(설치 보류),,N,Nefertimon,H,,
아라크네몬,완전체,15,2부(설치 보류),,Y,Arachnemon,H,아라크네몬,
머미몬,완전체,,2부(설치 보류),,N,Mummymon,H,,
키메라몬,완전체,,2부(설치 보류),,N,Chimairamon,H,,
마왕몬,궁극체,,2부(설치 보류),,N,Demon,H,,
벨리얼묘티,궁극체,,2부(설치 보류),,N,Belial Vamdemon,H,,
스컬사탄몬,완전체,,2부(설치 보류),,N,Skull Satamon,H,,
마린데블몬,완전체,,2부(설치 보류),,N,Marin Devimon,H,,
트리케라몬,완전체,,2부(설치 보류),,N,Triceramon,H,,
골레몬,성숙기,,2부(설치 보류),,N,Golemon,H,,
스타몬,성숙기,,2부(설치 보류),,N,Starmon,H,,
토르토몬,성숙기,,2부(설치 보류),,N,Tortamon,H,,
고릴라몬,성숙기,,2부(설치 보류),,N,Gorimon,H,,
청룡몬,궁극체,250,2부(설치 보류),,N,Qinglongmon,H,,
백호몬,궁극체,243,2부(설치 보류),,Y,,H,백호몬,
주작몬,궁극체,244,2부(설치 보류),,Y,,H,주작몬,
현무몬,궁극체,245,2부(설치 보류),,Y,,H,현무몬,
돌핀몬,,131,유지(지금 쓰임 그대로),✔,Y,,유지,돌핀몬,
디지문자,,201,특수(알프의 유적),✔,Y,,유지,디지문자,
맘몬,,112,유지(지금 쓰임 그대로),✔,Y,Mammon,유지,맘몬,
번개콩알몬,,172,유지(지금 쓰임 그대로),✔,Y,Metal Mamemon,유지,번개콩알몬,
베타몬,,129,유지(지금 쓰임 그대로),✔,Y,Betamon,유지,베타몬,
에이프몬,,111,유지(지금 쓰임 그대로),✔,Y,,유지,에이프몬,
오쿠와몬,,12,유지(지금 쓰임 그대로),✔,Y,Okuwamon,유지,오쿠와몬,
콩알몬,,25,유지(지금 쓰임 그대로),✔,Y,Mamemon,유지,콩알몬,
쿠네몬,,10,유지(지금 쓰임 그대로),✔,Y,Kunemon,유지,쿠네몬,
에어드라몬,성숙기,142,야생 37·42번 도로 Lv20+,★,N,Airdramon,추가,,
실러캔몬,성숙기,138,야생 낚시(41번 수로·소용돌이 섬) Lv20+,★,N,Coelamon,추가,,
기자몬,성장기,54,야생 물가(32번 도로·연분홍) Lv5~15,★,N,Gizamon,추가,,
오타마몬,성장기,79,야생 물(야돈 우물·호수) Lv5~15,★,N,Otamamon,추가,,
가니몬,성장기,99,야생 바닷가(40번 수로) Lv5~15,★,N,Ganimon,추가,,
이비르몬,성숙기,207,암흑단 조직원,★,N,Evilmon,추가,,
데스메라몬,완전체,219,암흑단 아지트 간부 파티,★,N,Death Meramon,추가,,
지로몬,완전체,213,시바 파티,★,N,Giromon,추가,,
피콜로몬,완전체,183,"고정 만남(자연 공원 숨은 방 Lv30, 포획 30)",★,N,Piccolomon,추가,,
옥토몬,성숙기,,2부(설치 보류),,N,Octmon,H,,
하누몬,성숙기,,2부(설치 보류),,N,Hanumon,H,,
미노타루몬,성숙기,,2부(설치 보류),,N,Minotaurmon,H,,
레볼몬,성숙기,,2부(설치 보류),,N,Revolmon,H,,
썬더볼몬,성숙기,,2부(설치 보류),,N,Thunderballmon,H,,
다고몬,완전체,,2부(설치 보류),,N,Dagomon,H,,
나이트몬,완전체,,2부(설치 보류),,N,Knightmon,H,,
무사몬,성숙기,,2부(설치 보류),,N,Mushamon,H,,
밀레니엄몬,궁극체,,2부(설치 보류),,N,Millenniumon,H,,
푸루루몬,유아기Ⅰ,,2부(설치 보류),,N,Pururumon,H,,
츠부몬,유아기Ⅰ,,2부(설치 보류),,N,Tsubumon,H,,
미노몬,유아기Ⅰ,,2부(설치 보류),,N,Minomon,H,,
